{"cameraMode":{"drawMode":0,"name":"Shaded","section":"Shading Mode"},"sceneLighting":true,"audioPlay":false,"sceneViewState":{"showFog":true,"showMaterialUpdate":false,"showSkybox":false,"showFlares":true,"showImageEffects":true,"showParticleSystems":true},"in2DMode":false,"pivot":{"x":14.154317855834961,"y":0.4373715817928314,"z":24.515226364135743},"rotation":{"x":0.21962782740592957,"y":-0.32831111550331118,"z":0.07877906411886215,"w":0.9152979254722595},"size":1.577951192855835,"orthographic":false}