{"cameraMode":{"drawMode":0,"name":"Shaded","section":"Shading Mode"},"sceneLighting":true,"audioPlay":false,"sceneViewState":{"showFog":true,"showMaterialUpdate":false,"showSkybox":false,"showFlares":true,"showImageEffects":true,"showParticleSystems":true},"in2DMode":false,"pivot":{"x":11.158888816833496,"y":0.3578953742980957,"z":15.784866333007813},"rotation":{"x":-0.1968463808298111,"y":0.0402798056602478,"z":-0.008094223216176033,"w":-0.9795751571655273},"size":11.266507148742676,"orthographic":false}